{"cameraMode":{"drawMode":0,"name":"Shaded","section":"Shading Mode"},"sceneLighting":false,"audioPlay":false,"sceneViewState":{"showFog":true,"showMaterialUpdate":false,"showSkybox":false,"showFlares":true,"showImageEffects":true,"showParticleSystems":true},"in2DMode":false,"pivot":{"x":-331.1839294433594,"y":71.47798156738281,"z":-51.095375061035159},"rotation":{"x":0.0012741787359118462,"y":0.9224875569343567,"z":-0.3860149681568146,"w":0.0030450811609625818},"size":474.35137939453127,"orthographic":false}