{"cameraMode":{"drawMode":0,"name":"Shaded","section":"Shading Mode"},"sceneLighting":true,"audioPlay":false,"sceneViewState":{"showFog":true,"showMaterialUpdate":false,"showSkybox":true,"showFlares":true,"showImageEffects":true,"showParticleSystems":true},"in2DMode":false,"pivot":{"x":-470.5718078613281,"y":-100.36898040771485,"z":367.7387390136719},"rotation":{"x":0.0012741787359118462,"y":0.9224875569343567,"z":-0.3860149681568146,"w":0.0030450811609625818},"size":92.31211853027344,"orthographic":false}